{
  "spike_cut_length": 110, 
  "asc_amp_array": [
    -9.80127924173153e-12, 
    -1.962237951584191e-10
  ], 
  "threshold_reset_method": {
    "params": {
      "a_spike": 0.009963748227745968
    }, 
    "name": "three_components"
  }, 
  "th_inf": 0.03513348488386882, 
  "voltage_dynamics_method": {
    "params": {}, 
    "name": "linear_forward_euler"
  }, 
  "init_AScurrents": [
    0.0, 
    0.0
  ], 
  "voltage_reset_method": {
    "params": {
      "a": 0.7022633015671842, 
      "b": 0.0014687975536048017
    }, 
    "name": "v_before"
  }, 
  "threshold_dynamics_method": {
    "params": {
      "b_voltage": 0, 
      "a_spike": 0.009963748227745968, 
      "b_spike": 350.49284885898726, 
      "a_voltage": 0
    }, 
    "name": "spike_component"
  }, 
  "R_input": 291142748.248237, 
  "AScurrent_dynamics_method": {
    "params": {}, 
    "name": "exp"
  }, 
  "AScurrent_reset_method": {
    "params": {
      "r": [
        1.0, 
        1.0
      ]
    }, 
    "name": "sum"
  }, 
  "type": "GLIF", 
  "C": 9.447198588791064e-11, 
  "init_threshold": 0.03513348488386882, 
  "init_voltage": 0.0, 
  "extrapolation_method_name": "endpoints", 
  "dt": 5e-05, 
  "El": 0.0, 
  "asc_tau_array": [
    0.3333333333333333, 
    0.01
  ], 
  "dt_multiplier": 10, 
  "th_adapt": 0.04917195803501975, 
  "coeffs": {
    "a": 1, 
    "C": 1, 
    "b": 1, 
    "G": 1, 
    "th_inf": 1.1743023291420214, 
    "asc_amp_array": [
      0.4438420719035049, 
      0.23771892546647483
    ]
  }
}