{
  "566283540": {
    "El_reference": -0.07304918416341143,
    "C": 7.780685989753313e-11,
    "asc_amp_array": [
      -5.1754992862776374e-11,
      1.306232191694733e-10
    ],
    "init_threshold": 0.02397620816390065,
    "threshold_reset_method": {
      "params": {
        "a_spike": 0.0012023468247352638,
        "b_spike": 33.11178918014402
      },
      "name": "three_components"
    },
    "th_inf": 0.02397620816390065,
    "spike_cut_length": 52,
    "init_AScurrents": [
      0.0,
      0.0
    ],
    "init_voltage": 0.0,
    "threshold_dynamics_method": {
      "params": {
        "b_voltage": 29.40596363524473,
        "a_spike": 0.0012023468247352638,
        "b_spike": 33.11178918014402,
        "a_voltage": 3.8798432251721056
      },
      "name": "three_components_exact"
    },
    "voltage_reset_method": {
      "params": {
        "a": 0.9831052477150013,
        "b": -0.015394347765031346
      },
      "name": "v_before"
    },
    "extrapolation_method_name": "endpoints",
    "dt": 5e-05,
    "voltage_dynamics_method": {
      "params": {},
      "name": "linear_forward_euler"
    },
    "El": 0.0,
    "asc_tau_array": [
      0.03333333333333334,
      0.0033333333333333335
    ],
    "R_input": 226503398.20222792,
    "AScurrent_dynamics_method": {
      "params": {},
      "name": "exp"
    },
    "AScurrent_reset_method": {
      "params": {
        "r": [
          1.0,
          1.0
        ]
      },
      "name": "sum"
    },
    "dt_multiplier": 10,
    "th_adapt": null,
    "coeffs": {
      "a": 1,
      "C": 1,
      "b": 1,
      "G": 1,
      "th_inf": 0.9183450725085038,
      "asc_amp_array": [
        1.0,
        1.0
      ]
    },
    "type": "GLIF"
  }
}