{
  "566288171": {
    "El_reference": -0.0721472447713216,
    "C": 7.855128762588758e-11,
    "asc_amp_array": [
      -1.8503069054525924e-10,
      5.462374093255125e-10
    ],
    "init_threshold": 0.024753449184469783,
    "threshold_reset_method": {
      "params": {
        "a_spike": 0.0019406666851699936,
        "b_spike": 27.38144966390541
      },
      "name": "three_components"
    },
    "th_inf": 0.024753449184469783,
    "spike_cut_length": 39,
    "init_AScurrents": [
      0.0,
      0.0
    ],
    "init_voltage": 0.0,
    "threshold_dynamics_method": {
      "params": {
        "b_voltage": 0,
        "a_spike": 0.0019406666851699936,
        "b_spike": 27.38144966390541,
        "a_voltage": 0
      },
      "name": "spike_component"
    },
    "voltage_reset_method": {
      "params": {
        "a": 0.20256617295915075,
        "b": 0.004175364052704845
      },
      "name": "v_before"
    },
    "extrapolation_method_name": "endpoints",
    "dt": 5e-05,
    "voltage_dynamics_method": {
      "params": {},
      "name": "linear_forward_euler"
    },
    "El": 0.0,
    "asc_tau_array": [
      0.01,
      0.0033333333333333335
    ],
    "R_input": 251414718.58232906,
    "AScurrent_dynamics_method": {
      "params": {},
      "name": "none"
    },
    "AScurrent_reset_method": {
      "params": {},
      "name": "none"
    },
    "dt_multiplier": 10,
    "th_adapt": null,
    "coeffs": {
      "a": 1,
      "C": 1,
      "b": 1,
      "G": 1,
      "th_inf": 1.1356339494093268,
      "asc_amp_array": [
        1.0,
        1.0
      ]
    },
    "type": "GLIF"
  }
}