{
  "486558431": {
    "El_reference": -0.07828674697875974,
    "C": 1.0746011487739297e-10,
    "asc_amp_array": [
      -8.742561595070623e-12,
      -1.8490822915627392e-10
    ],
    "init_threshold": 0.03035295344808689,
    "threshold_reset_method": {
      "params": {
        "a_spike": 0.0017955816574969517,
        "b_spike": 117.5961763176609
      },
      "name": "three_components"
    },
    "th_inf": 0.03035295344808689,
    "spike_cut_length": 134,
    "init_AScurrents": [
      0.0,
      0.0
    ],
    "init_voltage": 0.0,
    "threshold_dynamics_method": {
      "params": {
        "b_voltage": 0,
        "a_spike": 0.0017955816574969517,
        "b_spike": 117.5961763176609,
        "a_voltage": 0
      },
      "name": "spike_component"
    },
    "voltage_reset_method": {
      "params": {
        "a": 0.6345132911709042,
        "b": 0.0045991671248291795
      },
      "name": "v_before"
    },
    "extrapolation_method_name": "endpoints",
    "dt": 5e-05,
    "voltage_dynamics_method": {
      "params": {},
      "name": "linear_forward_euler"
    },
    "El": 0.0,
    "asc_tau_array": [
      0.3333333333333333,
      0.01
    ],
    "R_input": 228270652.2016374,
    "AScurrent_dynamics_method": {
      "params": {},
      "name": "none"
    },
    "AScurrent_reset_method": {
      "params": {},
      "name": "none"
    },
    "dt_multiplier": 10,
    "th_adapt": null,
    "coeffs": {
      "a": 1,
      "C": 1,
      "b": 1,
      "G": 1,
      "th_inf": 1.338316280556656,
      "asc_amp_array": [
        1.0,
        1.0
      ]
    },
    "type": "GLIF"
  }
}