{   "comment": "Data analysed on Mon Nov 30 18:25:57 2015",
    "data_set_id": 464198958,
    "pyelectro_version": "0.1.5",
    "sweeps": {   "20": {   "comment": "Sweep: 20 in 464198958; 0.0ms -> 3269.995ms; -1.1e-10A -> 0.0A; -105.187502351mV -> -63.1562514117mV",
                            "pyelectro_iclamp_analysis": {   "20:average_last_1percent": -66.165607365766704,
                                                             "20:max_peak_no": 0,
                                                             "20:maximum": -63.156251411652221,
                                                             "20:min_peak_no": 0,
                                                             "20:minimum": -105.1875023511239,
                                                             "20:value_1000": -100.84375225403352,
                                                             "20:value_280": -86.312501929234756},
                            "sweep_id": 20,
                            "sweep_metadata": {   "aibs_stimulus_amplitude_pa": -110.00000216254701,
                                                  "aibs_stimulus_name": "Long Square",
                                                  "gain": 0.0099999998,
                                                  "initial_access_resistance": 10172028.0,
                                                  "seal": 2.1205668e+09}},
                  "24": {   "comment": "Sweep: 24 in 464198958; 0.0ms -> 3269.995ms; -3e-11A -> 0.0A; -78.6562517581mV -> -64.3750014389mV",
                            "pyelectro_iclamp_analysis": {   "24:average_last_1percent": -66.235800410149096,
                                                             "24:max_peak_no": 0,
                                                             "24:maximum": -64.375001438893406,
                                                             "24:min_peak_no": 0,
                                                             "24:minimum": -78.656251758104233,
                                                             "24:value_1000": -77.437501730863048,
                                                             "24:value_280": -72.156251612817911},
                            "sweep_id": 24,
                            "sweep_metadata": {   "aibs_stimulus_amplitude_pa": -29.999999012764199,
                                                  "aibs_stimulus_name": "Long Square",
                                                  "gain": 0.0099999998,
                                                  "initial_access_resistance": 10172028.0,
                                                  "seal": 2.1205668e+09}},
                  "28": {   "comment": "Sweep: 28 in 464198958; 0.0ms -> 3269.995ms; 0.0A -> 5e-11A; -69.8437515611mV -> 49.5000011064mV",
                            "pyelectro_iclamp_analysis": {   "28:average_last_1percent": -67.321623255520038,
                                                             "28:average_maximum": 42.85833429129174,
                                                             "28:average_minimum": -66.323662196735057,
                                                             "28:first_spike_time": 293.08500000000004,
                                                             "28:interspike_time_covar": 0.085222960470717743,
                                                             "28:max_peak_no": 15,
                                                             "28:maximum": 49.50000110641124,
                                                             "28:mean_spike_frequency": 15.153893197525587,
                                                             "28:min_peak_no": 14,
                                                             "28:minimum": -69.843751561129494,
                                                             "28:peak_decay_exponent": -0.041223132518329035,
                                                             "28:peak_linear_gradient": -0.0066965306638513637,
                                                             "28:spike_broadening": 0.92720251198435633,
                                                             "28:spike_frequency_adaptation": -0.011263371479790864,
                                                             "28:spike_width_adaptation": 0.0071817357697707852,
                                                             "28:trough_decay_exponent": 0.0082474385207441398,
                                                             "28:trough_phase_adaptation": -0.0088721991642741801,
                                                             "28:value_1000": -44.062500984873644,
                                                             "28:value_280": -57.437501283828198},
                            "sweep_id": 28,
                            "sweep_metadata": {   "aibs_stimulus_amplitude_pa": 50.000000667571598,
                                                  "aibs_stimulus_name": "Long Square",
                                                  "gain": 0.0099999998,
                                                  "initial_access_resistance": 10172028.0,
                                                  "seal": 2.1205668e+09}},
                  "30": {   "comment": "Sweep: 30 in 464198958; 0.0ms -> 3269.995ms; 0.0A -> 9e-11A; -70.9375015856mV -> 49.6875011106mV",
                            "pyelectro_iclamp_analysis": {   "30:average_last_1percent": -68.040870213492482,
                                                             "30:average_maximum": 38.172917519897851,
                                                             "30:average_minimum": -64.713363515421889,
                                                             "30:first_spike_time": 279.69999999999999,
                                                             "30:interspike_time_covar": 0.088591183982641805,
                                                             "30:max_peak_no": 30,
                                                             "30:maximum": 49.687501110602199,
                                                             "30:mean_spike_frequency": 30.028941686901685,
                                                             "30:min_peak_no": 29,
                                                             "30:minimum": -70.937501585576712,
                                                             "30:peak_decay_exponent": -0.13986881240017093,
                                                             "30:peak_linear_gradient": -0.0079784798571156234,
                                                             "30:spike_broadening": 0.90058979803059014,
                                                             "30:spike_frequency_adaptation": -0.0051475026805012265,
                                                             "30:spike_width_adaptation": 0.0041883540894732136,
                                                             "30:trough_decay_exponent": 0.027723103139329745,
                                                             "30:trough_phase_adaptation": 0.0016584786130521964,
                                                             "30:value_1000": -61.968751385109528,
                                                             "30:value_280": 26.562500593718156},
                            "sweep_id": 30,
                            "sweep_metadata": {   "aibs_stimulus_amplitude_pa": 90.0000005077395,
                                                  "aibs_stimulus_name": "Long Square",
                                                  "gain": 0.0099999998,
                                                  "initial_access_resistance": 10172028.0,
                                                  "seal": 2.1205668e+09}},
                  "32": {   "comment": "Sweep: 32 in 464198958; 0.0ms -> 3269.995ms; 0.0A -> 1.3e-10A; -70.8437515835mV -> 49.5937511085mV",