{
  "spike_cut_length": 37, 
  "asc_amp_array": [
    -7.409700205159475e-11, 
    2.755982635156121e-10
  ], 
  "threshold_reset_method": {
    "params": {
      "a_spike": 0.001954783737382438
    }, 
    "name": "three_components"
  }, 
  "th_inf": 0.022567208035410388, 
  "voltage_dynamics_method": {
    "params": {}, 
    "name": "linear_forward_euler"
  }, 
  "init_AScurrents": [
    0.0, 
    0.0
  ], 
  "voltage_reset_method": {
    "params": {
      "a": 0.04571461564645635, 
      "b": 0.009518426672850215
    }, 
    "name": "v_before"
  }, 
  "threshold_dynamics_method": {
    "params": {
      "b_voltage": 0, 
      "a_spike": 0.001954783737382438, 
      "b_spike": 145.98245284039905, 
      "a_voltage": 0
    }, 
    "name": "spike_component"
  }, 
  "R_input": 261792981.84847862, 
  "AScurrent_dynamics_method": {
    "params": {}, 
    "name": "none"
  }, 
  "AScurrent_reset_method": {
    "params": {}, 
    "name": "none"
  }, 
  "type": "GLIF", 
  "C": 5.3731920942915926e-11, 
  "init_threshold": 0.022567208035410388, 
  "init_voltage": 0.0, 
  "extrapolation_method_name": "endpoints", 
  "dt": 5e-05, 
  "El": 0.0, 
  "asc_tau_array": [
    0.01, 
    0.0033333333333333335
  ], 
  "dt_multiplier": 10, 
  "th_adapt": 0.03154673164195779, 
  "coeffs": {
    "a": 1, 
    "C": 1, 
    "b": 1, 
    "G": 1, 
    "th_inf": 1.0560693935825456, 
    "asc_amp_array": [
      1.0, 
      1.0
    ]
  }
}