{
  "566282032": {
    "El_reference": -0.0737059783935547,
    "C": 5.373192923338083e-11,
    "asc_amp_array": [
      -7.409699967438729e-11,
      2.7559830508219927e-10
    ],
    "init_threshold": 0.022959119291186394,
    "threshold_reset_method": {
      "params": {
        "a_spike": 0.0020603062525408277,
        "b_spike": 160.41379185954943
      },
      "name": "three_components"
    },
    "th_inf": 0.022959119291186394,
    "spike_cut_length": 37,
    "init_AScurrents": [
      0.0,
      0.0
    ],
    "init_voltage": 0.0,
    "threshold_dynamics_method": {
      "params": {
        "b_voltage": 0,
        "a_spike": 0.0020603062525408277,
        "b_spike": 160.41379185954943,
        "a_voltage": 0
      },
      "name": "spike_component"
    },
    "voltage_reset_method": {
      "params": {
        "a": 0.045714615646435634,
        "b": 0.009518426672845188
      },
      "name": "v_before"
    },
    "extrapolation_method_name": "endpoints",
    "dt": 5e-05,
    "voltage_dynamics_method": {
      "params": {},
      "name": "linear_forward_euler"
    },
    "El": 0.0,
    "asc_tau_array": [
      0.01,
      0.0033333333333333335
    ],
    "R_input": 261792693.82299614,
    "AScurrent_dynamics_method": {
      "params": {},
      "name": "none"
    },
    "AScurrent_reset_method": {
      "params": {},
      "name": "none"
    },
    "dt_multiplier": 10,
    "th_adapt": null,
    "coeffs": {
      "a": 1,
      "C": 1,
      "b": 1,
      "G": 1,
      "th_inf": 1.044403511187154,
      "asc_amp_array": [
        1.0,
        1.0
      ]
    },
    "type": "GLIF"
  }
}