{   "aibs_cre_line": "Nr5a1-Cre",
    "aibs_dendrite_type": "spiny",
    "allensdk_version": "0.12.4",
    "comment": "Data analysed on Thu Apr 13 15:53:37 2017",
    "data_set_id": 485468180,
    "location": "Primary visual area, layer 2/3",
    "pyelectro_version": "0.1.8",
    "sweeps": {   "24": {   "comment": "Sweep: 24 in 485468180; 0.0ms -> 7269.995ms; -1.1e-10A -> 0.0A; -96.9375mV -> -64.4062mV",
                            "pyelectro_iclamp_analysis": {   "24:average_1000_1200": -96.313393863105773,
                                                             "24:average_last_1percent": -65.307826014200842,
                                                             "24:max_peak_no": 0,
                                                             "24:maximum": -65.093758,
                                                             "24:min_peak_no": 0,
                                                             "24:minimum": -96.937508,
                                                             "24:value_280": -80.15625},
                            "sweep_id": 24,
                            "sweep_metadata": {   "aibs_stimulus_amplitude_pa": -110.0,
                                                  "aibs_stimulus_name": "Long Square",
                                                  "gain": 0.0099999998,
                                                  "initial_access_resistance": 10.936906,
                                                  "seal": 2.4132185}},
                  "25": {   "comment": "Sweep: 25 in 485468180; 0.0ms -> 7269.995ms; -9e-11A -> 0.0A; -93.0mV -> -65.375mV",
                            "pyelectro_iclamp_analysis": {   "25:average_1000_1200": -91.685386118125919,
                                                             "25:average_last_1percent": -65.904763692220058,
                                                             "25:max_peak_no": 0,
                                                             "25:maximum": -65.406258,
                                                             "25:min_peak_no": 0,
                                                             "25:minimum": -93.0,
                                                             "25:value_280": -75.9375},
                            "sweep_id": 25,
                            "sweep_metadata": {   "aibs_stimulus_amplitude_pa": -90.0,
                                                  "aibs_stimulus_name": "Long Square",
                                                  "gain": 0.0099999998,
                                                  "initial_access_resistance": 10.936906,
                                                  "seal": 2.4132185}},
                  "29": {   "comment": "Sweep: 29 in 485468180; 0.0ms -> 7269.995ms; -1e-11A -> 0.0A; -130.438mV -> 0.09375mV",
                            "pyelectro_iclamp_analysis": {   "29:average_1000_1200": -70.850194822883608,
                                                             "29:average_last_1percent": -68.192971740722655,
                                                             "29:max_peak_no": 0,
                                                             "29:maximum": -64.75,
                                                             "29:min_peak_no": 0,
                                                             "29:minimum": -71.53125,
                                                             "29:value_280": -66.937508},
                            "sweep_id": 29,
                            "sweep_metadata": {   "aibs_stimulus_amplitude_pa": -10.0,
                                                  "aibs_stimulus_name": "Long Square",
                                                  "gain": 0.0099999998,
                                                  "initial_access_resistance": 10.936906,
                                                  "seal": 2.4132185}},
                  "33": {   "comment": "Sweep: 33 in 485468180; 0.0ms -> 7269.995ms; 0.0A -> 7e-11A; -70.4062mV -> 32.625mV",
                            "pyelectro_iclamp_analysis": {   "33:average_1000_1200": -51.615681378844755,
                                                             "33:average_last_1percent": -69.461357874552405,
                                                             "33:average_maximum": 31.653126,
                                                             "33:average_minimum": -56.128471,
                                                             "33:first_spike_time": 305.30500000000006,
                                                             "33:interspike_time_covar": 0.41774486742500799,
                                                             "33:max_peak_no": 10,
                                                             "33:maximum": 32.625,
                                                             "33:mean_spike_frequency": 10.64773735581189,
                                                             "33:min_peak_no": 9,
                                                             "33:minimum": -69.718758,
                                                             "33:peak_decay_exponent": 0.0010604896357727443,
                                                             "33:peak_linear_gradient": -0.0015135883807730136,
                                                             "33:spike_broadening": 0.92238479584704591,
                                                             "33:spike_frequency_adaptation": -0.0067511478777058584,
                                                             "33:spike_width_adaptation": 0.008061515589542434,
                                                             "33:trough_decay_exponent": -0.009877682252620576,
                                                             "33:trough_phase_adaptation": 0.010886303685305854,
                                                             "33:value_280": -59.281254},
                            "sweep_id": 33,
                            "sweep_metadata": {   "aibs_stimulus_amplitude_pa": 70.0,
                                                  "aibs_stimulus_name": "Long Square",
                                                  "gain": 0.0099999998,
                                                  "initial_access_resistance": 10.936906,
                                                  "seal": 2.4132185}},
                  "34": {   "comment": "Sweep: 34 in 485468180; 0.0ms -> 7269.995ms; 0.0A -> 9e-11A; -70.625mV -> 31.0625mV",
                            "pyelectro_iclamp_analysis": {   "34:average_1000_1200": -49.745614097944276,
                                                             "34:average_last_1percent": -69.163138142903648,
                                                             "34:average_maximum": 30.225,
                                                             "34:average_minimum": -54.6875,
                                                             "34:first_spike_time": 293.05500000000001,
                                                             "34:interspike_time_covar": 0.32350496910818682,
                                                             "34:max_peak_no": 15,
                                                             "34:maximum": 31.0625,
                                                             "34:mean_spike_frequency": 15.253618648638342,
                                                             "34:min_peak_no": 14,
                                                             "34:minimum": -70.625,
                                                             "34:peak_decay_exponent": 0.0066061237862142155,
                                                             "34:peak_linear_gradient": -0.0017895714200769253,
                                                             "34:spike_broadening": 0.87933628510038708,