{
  "566382734": {
    "El_reference": -0.07040984725952146,
    "C": 8.828289570765242e-11,
    "asc_amp_array": [
      -2.478356852445831e-10,
      6.444690758316122e-10
    ],
    "init_threshold": 0.02596630312832729,
    "threshold_reset_method": {
      "params": {
        "a_spike": 0.0007569268102084473,
        "b_spike": 14.053657100453002
      },
      "name": "three_components"
    },
    "th_inf": 0.02596630312832729,
    "spike_cut_length": 34,
    "init_AScurrents": [
      0.0,
      0.0
    ],
    "init_voltage": 0.0,
    "threshold_dynamics_method": {
      "params": {
        "b_voltage": 0,
        "a_spike": 0.0007569268102084473,
        "b_spike": 14.053657100453002,
        "a_voltage": 0
      },
      "name": "spike_component"
    },
    "voltage_reset_method": {
      "params": {
        "a": 0.2653824474215588,
        "b": 0.0059169226230609395
      },
      "name": "v_before"
    },
    "extrapolation_method_name": "endpoints",
    "dt": 5e-05,
    "voltage_dynamics_method": {
      "params": {},
      "name": "linear_forward_euler"
    },
    "El": 0.0,
    "asc_tau_array": [
      0.01,
      0.0033333333333333335
    ],
    "R_input": 244968489.14777243,
    "AScurrent_dynamics_method": {
      "params": {},
      "name": "none"
    },
    "AScurrent_reset_method": {
      "params": {},
      "name": "none"
    },
    "dt_multiplier": 10,
    "th_adapt": null,
    "coeffs": {
      "a": 1,
      "C": 1,
      "b": 1,
      "G": 1,
      "th_inf": 1.0390717244256167,
      "asc_amp_array": [
        1.0,
        1.0
      ]
    },
    "type": "GLIF"
  }
}