{
  "spike_cut_length": 52, 
  "asc_amp_array": [
    -5.175499125206938e-11, 
    1.30623215104276e-10
  ], 
  "threshold_reset_method": {
    "params": {
      "a_spike": 0.0018016183822779134
    }, 
    "name": "three_components"
  }, 
  "th_inf": 0.024152927255199026, 
  "voltage_dynamics_method": {
    "params": {}, 
    "name": "linear_forward_euler"
  }, 
  "init_AScurrents": [
    0.0, 
    0.0
  ], 
  "voltage_reset_method": {
    "params": {
      "a": 0.9831052477149248, 
      "b": -0.015394347765027776
    }, 
    "name": "v_before"
  }, 
  "threshold_dynamics_method": {
    "params": {
      "b_voltage": 82.41953652034067, 
      "a_spike": 0.0018016183822779134, 
      "b_spike": 35.43658472128498, 
      "a_voltage": 4.043426974898839
    }, 
    "name": "three_components_exact"
  }, 
  "R_input": 213026592.41847405, 
  "AScurrent_dynamics_method": {
    "params": {}, 
    "name": "exp"
  }, 
  "AScurrent_reset_method": {
    "params": {
      "r": [
        1.0, 
        1.0
      ]
    }, 
    "name": "sum"
  }, 
  "type": "GLIF", 
  "C": 7.78068574760454e-11, 
  "init_threshold": 0.024152927255199026, 
  "init_voltage": 0.0, 
  "extrapolation_method_name": "endpoints", 
  "dt": 5e-05, 
  "El": 0.0, 
  "asc_tau_array": [
    0.03333333333333334, 
    0.0033333333333333335
  ], 
  "dt_multiplier": 10, 
  "th_adapt": 0.02864000733833127, 
  "coeffs": {
    "a": 1, 
    "C": 1, 
    "b": 1, 
    "G": 1, 
    "th_inf": 0.8971933323431776, 
    "asc_amp_array": [
      1.0295446377796598, 
      0.4576816527790794
    ]
  }
}