{
  "C": 7.855128298237108e-11, 
  "asc_amp_array": [
    -1.8503069672187302e-10, 
    5.462373908839215e-10
  ], 
  "init_threshold": 0.02432239458010705, 
  "threshold_reset_method": {
    "params": {
      "a_spike": 0.002324619719665667
    }, 
    "name": "three_components"
  }, 
  "th_inf": 0.02432239458010705, 
  "spike_cut_length": 39, 
  "init_AScurrents": [
    0.0, 
    0.0
  ], 
  "init_voltage": 0.0, 
  "threshold_dynamics_method": {
    "params": {
      "b_voltage": 0, 
      "a_spike": 0.002324619719665667, 
      "b_spike": 33.53480801319328, 
      "a_voltage": 0
    }, 
    "name": "spike_component"
  }, 
  "voltage_reset_method": {
    "params": {
      "a": 0.20256617295916096, 
      "b": 0.004175364052709396
    }, 
    "name": "v_before"
  }, 
  "extrapolation_method_name": "endpoints", 
  "dt": 5e-05, 
  "voltage_dynamics_method": {
    "params": {}, 
    "name": "linear_forward_euler"
  }, 
  "El": 0.0, 
  "asc_tau_array": [
    0.01, 
    0.0033333333333333335
  ], 
  "R_input": 251414607.17808703, 
  "AScurrent_dynamics_method": {
    "params": {}, 
    "name": "none"
  }, 
  "AScurrent_reset_method": {
    "params": {}, 
    "name": "none"
  }, 
  "dt_multiplier": 10, 
  "th_adapt": 0.037698284941469, 
  "coeffs": {
    "a": 1, 
    "C": 1, 
    "b": 1, 
    "G": 1, 
    "th_inf": 1.1580680842423947, 
    "asc_amp_array": [
      1.0, 
      1.0
    ]
  }, 
  "type": "GLIF"
}