{
  "486052403": {
    "El_reference": -0.07170727920532227,
    "C": 1.68038584943524e-10,
    "asc_amp_array": [
      -2.0403983378825466e-11,
      -2.233874954067522e-10
    ],
    "init_threshold": 0.022209814030133404,
    "threshold_reset_method": {
      "params": {
        "a_spike": 0.001375576064393138,
        "b_spike": 136.44931727602102
      },
      "name": "three_components"
    },
    "th_inf": 0.022209814030133404,
    "spike_cut_length": 91,
    "init_AScurrents": [
      0.0,
      0.0
    ],
    "init_voltage": 0.0,
    "threshold_dynamics_method": {
      "params": {
        "b_voltage": 0,
        "a_spike": 0.001375576064393138,
        "b_spike": 136.44931727602102,
        "a_voltage": 0
      },
      "name": "spike_component"
    },
    "voltage_reset_method": {
      "params": {
        "a": 0.5955141919453859,
        "b": 0.005577992227761706
      },
      "name": "v_before"
    },
    "extrapolation_method_name": "endpoints",
    "dt": 5e-05,
    "voltage_dynamics_method": {
      "params": {},
      "name": "linear_forward_euler"
    },
    "El": 0.0,
    "asc_tau_array": [
      0.03333333333333334,
      0.01
    ],
    "R_input": 112690835.56188996,
    "AScurrent_dynamics_method": {
      "params": {},
      "name": "exp"
    },
    "AScurrent_reset_method": {
      "params": {
        "r": [
          1.0,
          1.0
        ]
      },
      "name": "sum"
    },
    "dt_multiplier": 10,
    "th_adapt": null,
    "coeffs": {
      "a": 1,
      "C": 1,
      "b": 1,
      "G": 1,
      "th_inf": 1.1611864772796414,
      "asc_amp_array": [
        1.0,
        1.0
      ]
    },
    "type": "GLIF"
  }
}