{
  "566283879": {
    "El_reference": -0.08220981597900391,
    "C": 9.447198594758489e-11,
    "asc_amp_array": [
      -9.801279247917362e-12,
      -1.9622379528238426e-10
    ],
    "init_threshold": 0.03513348488386564,
    "threshold_reset_method": {
      "params": {
        "a_spike": 0.0012180183668212136,
        "b_spike": 387.1868080851215
      },
      "name": "three_components"
    },
    "th_inf": 0.03513348488386564,
    "spike_cut_length": 110,
    "init_AScurrents": [
      0.0,
      0.0
    ],
    "init_voltage": 0.0,
    "threshold_dynamics_method": {
      "params": {
        "b_voltage": 0,
        "a_spike": 0.0012180183668212136,
        "b_spike": 387.1868080851215,
        "a_voltage": 0
      },
      "name": "spike_component"
    },
    "voltage_reset_method": {
      "params": {
        "a": 0.7022633015672264,
        "b": 0.0014687975536008813
      },
      "name": "v_before"
    },
    "extrapolation_method_name": "endpoints",
    "dt": 5e-05,
    "voltage_dynamics_method": {
      "params": {},
      "name": "linear_forward_euler"
    },
    "El": 0.0,
    "asc_tau_array": [
      0.3333333333333333,
      0.01
    ],
    "R_input": 299475533.1318621,
    "AScurrent_dynamics_method": {
      "params": {},
      "name": "exp"
    },
    "AScurrent_reset_method": {
      "params": {
        "r": [
          1.0,
          1.0
        ]
      },
      "name": "sum"
    },
    "dt_multiplier": 10,
    "th_adapt": null,
    "coeffs": {
      "a": 1,
      "C": 1,
      "b": 1,
      "G": 1,
      "th_inf": 1.1283567593243746,
      "asc_amp_array": [
        1.0,
        1.0
      ]
    },
    "type": "GLIF"
  }
}