{
  "C": 4.946777501212259e-11, 
  "asc_amp_array": [
    -4.1359674775202294e-11, 
    2.5812333166609626e-10
  ], 
  "init_threshold": 0.016587512654284826, 
  "threshold_reset_method": {
    "params": {}, 
    "name": "inf"
  }, 
  "th_inf": 0.016587512654284826, 
  "spike_cut_length": 83, 
  "init_AScurrents": [
    0.0, 
    0.0
  ], 
  "init_voltage": 0.0, 
  "threshold_dynamics_method": {
    "params": {}, 
    "name": "inf"
  }, 
  "voltage_reset_method": {
    "params": {}, 
    "name": "zero"
  }, 
  "extrapolation_method_name": "endpoints", 
  "dt": 5e-05, 
  "voltage_dynamics_method": {
    "params": {}, 
    "name": "linear_forward_euler"
  }, 
  "El": 0.0, 
  "asc_tau_array": [
    0.03333333333333334, 
    0.0033333333333333335
  ], 
  "R_input": 437949586.51840353, 
  "AScurrent_dynamics_method": {
    "params": {}, 
    "name": "exp"
  }, 
  "AScurrent_reset_method": {
    "params": {
      "r": [
        1.0, 
        1.0
      ]
    }, 
    "name": "sum"
  }, 
  "dt_multiplier": 10, 
  "th_adapt": 0.026036974000949835, 
  "coeffs": {
    "a": 1, 
    "C": 1, 
    "b": 1, 
    "G": 1, 
    "th_inf": 0.996884456178166, 
    "asc_amp_array": [
      0.930133350595081, 
      0.7976765025724701
    ]
  }, 
  "type": "GLIF"
}